ticker,name,first_in_index,last_in_index,n_snapshots
0289640Q UN,GENENTECH INC-SPECIAL COMMON,1990-04-01,1990-04-01,1
1323Q US,NORTON COMPANY,1990-04-01,1990-04-01,1
1691Q UN,PHILIP INDUSTRIES INC,1990-04-01,1990-07-01,2
2246800Q UN,PRIME HOSPITALITY CORP,1990-04-01,1990-07-01,2
SVFI US,SOVRAN FINANCIAL CORP,1990-04-01,1990-07-01,2
2683Q US,WILLIS CORROON GROUP-SP ADR,1990-04-01,1990-10-01,3
FBNIQ US,FURNITURE BRANDS INTL INC,1990-04-01,1990-10-01,3
LCE UN,LONE STAR INDUSTRIES INC,1990-04-01,1990-10-01,3
MCAI US,UNIVERSAL STUDIOS INC,1990-04-01,1990-10-01,3
NKE US,NIKE INC -CL B,1990-04-01,1990-10-01,3
923022Q US,BROADWAY STORES INC,1990-04-01,1991-01-01,4
KATE US,KATE SPADE & CO LLC,1990-04-01,1991-01-01,4
PNAA US,PAN AM CORP,1990-04-01,1991-01-01,4
3123863Q UN,SCHNEIDER ELECTRIC USA INC,1990-04-01,1991-04-01,5
643319Q UN,TONKA CORP,1990-04-01,1991-04-01,5
8384662Q US,CATTLESALE CO/THE,1990-04-01,1991-04-01,5
BF/B UA,BROWN-FORMAN CORP-CLASS B,1990-04-01,1991-04-01,5
MRO US,MARATHON OIL CORP,1990-04-01,1991-04-01,5
PRSU US,PURSUIT ATTRACTIONS AND HOSP,1990-04-01,1991-04-01,5
UH UN,U S HOME CORP,1990-04-01,1991-04-01,5
1028411Q US,GILLETTE COMPANY,1990-04-01,1991-07-01,6
1503Q UN,NCR CORP-OLD,1990-04-01,1991-07-01,6
1708Q US,CROSS & TRECKER CORP,1990-04-01,1991-10-01,7
HBJ UN,HARCOURT BRACE JOVANOVICH IN,1990-04-01,1991-10-01,7
TRV US,TRAVELERS COS INC/THE,1990-04-01,1991-10-01,7
0848680D US,SPRINT COMMUNICATIONS LLC,1990-04-01,1992-01-01,8
2390302D UN,USG CORP,1990-04-01,1992-01-01,8
292356Z US,MANUFACTURERS HANOVER CORP,1990-04-01,1992-01-01,8
601964Q US,C & S SOVRAN CORP,1990-10-01,1992-01-01,6
1789494D US,NIELSEN AUDIO INC,1990-04-01,1992-04-01,9
AZA UA,ALZA CORP,1991-01-01,1992-04-01,6
BAC1 US,SECURITY PACIFIC CORP,1990-04-01,1992-04-01,9
FBF US,FLEETBOSTON FINANCIAL CORP,1990-04-01,1992-04-01,9
2056Q UN,ACME-CLEVELAND CORP,1990-04-01,1992-07-01,10
BNSSA US,BNS HOLDING INC-CL A,1990-04-01,1992-07-01,10
GWOW UN,GENESIS WORLDWIDE INC,1990-04-01,1992-07-01,10
WAN/B UA,WANG LABORATORIES  -CL B,1990-04-01,1992-07-01,10
1684442D UA,PALL CORP,1990-04-01,1992-10-01,11
WETT US,SUPERVALU HOLDINGS INC,1990-04-01,1992-10-01,11
739306Q US,HARCOURT GENERAL INC,1990-04-01,1993-01-01,12
2292198Q UN,GALEN HEALTH CARE INC,1993-04-01,1993-07-01,2
BCO US,BRINK'S CO/THE,1990-04-01,1993-07-01,14
IK UN,INTERLAKE CORP,1990-04-01,1993-07-01,14
WLBAQ US,WESTMORELAND COAL CO,1990-04-01,1993-07-01,14
1166Q US,AMAX INC,1990-04-01,1993-10-01,15
1539547D UN,QUANTUM CHEMICAL CORP,1990-04-01,1993-10-01,15
1671Q UN,PARAMOUNT COMMUNICATIONS INC,1990-04-01,1993-10-01,15
2340361Q UN,TRAVELERS CORP,1990-04-01,1993-10-01,15
2603Q US,PRICE CO/THE,1990-04-01,1993-10-01,15
263179Q US,CORESTATES FINANCIAL CORP,1991-01-01,1993-10-01,12
HST US,HOST HOTELS & RESORTS INC,1990-04-01,1993-10-01,15
JWPI UN,JWP INC,1990-10-01,1993-10-01,13
3691661Q UN,LITTON INDUSTRIES INC,1990-04-01,1994-01-01,16
CNA UN,CNA FINANCIAL CORP,1990-04-01,1994-01-01,16
MKG US,MALLINCKRODT INC,1990-04-01,1994-01-01,16
NEU UN,NEWMARKET CORP,1990-04-01,1994-01-01,16
NL UN,NLI HOLDINGS INC,1990-04-01,1994-01-01,16
1618Q US,COMMONWEALTH GENERAL CORP,1990-04-01,1994-04-01,17
1953Q UN,SYNTEX CORP,1990-04-01,1994-04-01,17
FJCC US,FC LIQUIDATING INC,1990-04-01,1994-04-01,17
GQ UN,GRUMMAN CORP,1990-04-01,1994-04-01,17
NAE US,CENTERPOINT ENERGY RESOURCES,1990-04-01,1994-04-01,17
1199Q US,PCS HOLDING CORP,1990-04-01,1994-07-01,18
1856Q UN,WYETH HOLDINGS LLC,1990-04-01,1994-07-01,18
2254Q UN,GERBER PRODUCTS CO,1990-04-01,1994-07-01,18
54279Q UN,BLOCKBUSTER ENMNT CORP,1991-04-01,1994-07-01,14
AVATQ US,AVATEX CORP-CL A,1990-04-01,1994-07-01,18
MCAWA US,MCCAW CELLULAR COMMUNICATION,1993-10-01,1994-07-01,4
UALAQ UN,UAL CORP-OLD,1990-04-01,1994-07-01,18
1719Q UN,PSI RESOURCES INC,1990-04-01,1994-10-01,19
2245Q UN,BORDEN INC,1990-04-01,1994-10-01,19
GCO UN,GENESCO INC,1990-04-01,1994-10-01,19
JWN US,NORDSTROM INC,1990-04-01,1994-10-01,19
TAP US,MOLSON COORS BEVERAGE CO - B,1990-04-01,1994-10-01,19
0598884D US,MCI COMMUNICATIONS,1990-04-01,1995-01-01,20
1237Q UN,PET INC,1991-07-01,1995-01-01,15
1270Q US,BRUNO'S INC/OLD,1991-07-01,1995-01-01,15
1291Q US,TRANSCO ENERGY CO,1991-07-01,1995-01-01,15
1377Q UN,MARTIN MARIETTA CORP,1990-04-01,1995-01-01,20
1624Q US,LOTUS DEVELOPMENT CORP,1990-04-01,1995-01-01,20
1712414D UN,LOCKHEED CORP,1990-04-01,1995-01-01,20
2206Q US,ALCATEL-LUCENT HOLDINGS INC,1990-04-01,1995-01-01,20
304024Q US,SPRINGS INDUSTRIES INC-CL A,1990-04-01,1995-01-01,20
3277Q US,J.P. MORGAN & COMPANY-OLD,1990-04-01,1995-01-01,20
8375930Q UN,CONOCOPHILLIPS CO,1990-04-01,1995-01-01,20
FWLT UN,FOSTER WHEELER AG,1990-04-01,1995-01-01,20
GIDL US,GIDDINGS & LEWIS INC,1992-10-01,1995-01-01,10
MXS UN,MAXUS ENERGY CORP,1990-04-01,1995-01-01,20
NEC UN,NATIONAL EDUCATION CORP,1990-04-01,1995-01-01,20
TCOMA US,COMCAST CABLE HOLDINGS LLC-A,1990-04-01,1995-01-01,20
USB US,US BANCORP,1991-01-01,1995-01-01,17
USHC US,U S HEALTHCARE INC,1994-07-01,1995-01-01,3
WOR US,WORTHINGTON ENTERPRISES INC,1990-04-01,1995-01-01,20
2650Q UN,RAYTHEON E-SYSTEMS INC,1990-04-01,1995-04-01,21
CINL UN,CONTINENTAL CORP,1990-04-01,1995-04-01,21
CKL UN,DOOSAN BOBCAT NORTH AMERICA,1990-04-01,1995-04-01,21
GOSHA UQ,OSHKOSH B'GOSH INC,1990-04-01,1995-04-01,21
HTMXQ UN,XMH CORP 1,1990-04-01,1995-04-01,21
SKLNQ UN,SAFETY-KLEEN CORP,1990-04-01,1995-04-01,21
1270Q UQ,BRUNO'S INC/OLD,1995-04-01,1995-07-01,2
1456Q UN,M/A-COM RFID INC,1990-04-01,1995-07-01,22
1624Q UQ,LOTUS DEVELOPMENT CORP,1995-04-01,1995-07-01,2
2576Q UN,SANTA FE PACIFIC CORP,1990-04-01,1995-07-01,22
HET US,CAESARS ENTERTAINMENT CORP,1995-04-01,1995-07-01,2
SKY UN,CHAMPION HOMES INC,1990-04-01,1995-07-01,22
SPXC UN,SPX TECHNOLOGIES INC,1990-04-01,1995-07-01,22
1297Q UN,CBS BROADCASTING INC,1990-04-01,1995-10-01,23
1455Q UN,SHAWMUT NATIONAL CORP,1990-04-01,1995-10-01,23
1530Q UN,KIMBERLY-CLARK TISSUE CO,1990-04-01,1995-10-01,23
204923Q US,CALIBER SYSTEM INC,1990-04-01,1995-10-01,23
210811Q UN,FIRST MISSISSIPPI CORP,1990-04-01,1995-10-01,23
2288005Q US,PIONEER HI-BRED INTL INC,1994-01-01,1995-10-01,8
279776Q UN,FIRST CHICAGO CORP,1990-04-01,1995-10-01,23
BSET UQ,BASSETT FURNITURE INDS,1990-04-01,1995-10-01,23
MRNKQ US,MORRISON KNUDSEN CORP-OLD,1990-07-01,1995-10-01,22
UPJ UN,UPJOHN CO,1990-04-01,1995-10-01,23
ZETHQ US,ZENITH ELECTRONICS CORP,1990-04-01,1995-10-01,23
ZRN UN,ZURN INDUSTRIES INC,1990-04-01,1995-10-01,23
1423Q UN,CAPITAL CITIES/ABC INC,1990-04-01,1996-01-01,24
2987Q UN,CRAY RESEARCH,1990-04-01,1996-01-01,24
BCO UN,BRINK'S CO/THE,1993-10-01,1996-01-01,10
FBO UN,FEDERAL PAPER BOARD CO,1990-04-01,1996-01-01,24
FFB UN,FIRST FIDELITY INC,1990-04-01,1996-01-01,24
HDLM UN,HANDLEMAN CO,1990-04-01,1996-01-01,24
0440296D UN,FIRST INTERSTATE BANCORP,1990-04-01,1996-04-01,25
1327Q UN,CHASE MANHATTAN CORP-PM W CH,1990-04-01,1996-04-01,25
1356Q UN,LOCKHEED MARTIN TACTICAL,1990-04-01,1996-04-01,25
2784Q UN,PREMARK INTERNATIONAL LLC,1990-04-01,1996-04-01,25
1463Q UN,FRESENIUS MEDICAL CARE HOLDI,1990-04-01,1996-07-01,26
2659104D UN,VARITY CORP,1990-04-01,1996-07-01,26
2746Q UN,TELEDYNE INC,1990-04-01,1996-07-01,26
CAL UN,CALERES INC,1990-04-01,1996-07-01,26
CVGYQ US,REWORLD WASTE LLC,1990-04-01,1996-07-01,26
PRSU UN,PURSUIT ATTRACTIONS AND HOSP,1991-07-01,1996-07-01,21
USHC UQ,U S HEALTHCARE INC,1995-04-01,1996-07-01,6
1511Q UN,EL PASO TENNESSEE PIPELINE C,1990-04-01,1996-10-01,27
1513Q UN,ROCKWELL INTL CORP-OLD,1990-04-01,1996-10-01,27
1789530D UN,TRANSITIONAL HOSPITALS CORP,1990-04-01,1996-10-01,27
1824174D UN,OUTBOARD MARINE CORP,1990-04-01,1996-10-01,27
228510Q US,WILLAMETTE INDUSTRIES INC,1995-10-01,1996-10-01,5
BLY UN,BALLY ENTERTAINMENT CORP,1990-04-01,1996-10-01,27
CNW UN,XPO CNW INC,1990-04-01,1996-10-01,27
STJ US,ST JUDE MEDICAL INC,1990-04-01,1996-10-01,27
YELLQ UQ,YELLOW CORP,1990-04-01,1996-10-01,27
1897359D UQ,RYAN'S RESTAURANT GROUP LLC,1990-04-01,1997-01-01,28
1958Q US,BOATMEN'S BANCSHARES INC,1991-04-01,1997-01-01,24
AALEA UN,ALEXANDER & ALEXANDER SVCS-A,1990-04-01,1997-01-01,28
LUB UN,LUBY'S INC,1990-04-01,1997-01-01,28
SHOY US,SHOLAND LLC,1990-04-01,1997-01-01,28
1581Q UN,MORTON INTL INC-OLD,1990-04-01,1997-04-01,29
1618Q UN,COMMONWEALTH GENERAL CORP,1994-07-01,1997-04-01,12
1680Q UN,CONRAIL INC,1990-04-01,1997-04-01,29
202550Q UN,SANTA FE PACIFIC GOLD CORP/D,1995-01-01,1997-04-01,10
2036Q UN,MORGAN STANLEY GROUP INC,1995-10-01,1997-04-01,7
316419Q UN,PANENERGY CORP,1990-04-01,1997-04-01,29
693365Q UN,PACIFIC TELESIS GROUP,1990-04-01,1997-04-01,29
90457Q UN,USLIFE CORP,1990-04-01,1997-04-01,29
0376152D US,INTERGRAPH CORP,1990-04-01,1997-07-01,30
1013207D UN,DEVON SFS OPERATING INC,1991-01-01,1997-07-01,27
126784Q US,GENERAL SEMICONDUCTOR INC,1990-04-01,1997-07-01,7
1974Q UA,FUJITSU IT HOLDINGS INC,1990-04-01,1997-07-01,30
210967Q UN,NYNEX CORP,1990-04-01,1997-07-01,30
2168Q UQ,U S BANCORP-OLD,1995-04-01,1997-07-01,10
231330Q UN,GREAT WESTERN FINANCIAL,1990-04-01,1997-07-01,30
2731112Q US,SIEMENS MEDICAL SOLUTIONS,1990-04-01,1997-07-01,30
3147596Q UN,MCDONNELL DOUGLAS CORP,1990-04-01,1997-07-01,30
334702Q UN,TXU GAS CO,1990-04-01,1997-07-01,30
GIDL UQ,GIDDINGS & LEWIS INC,1995-04-01,1997-07-01,10
NAE UN,CENTERPOINT ENERGY RESOURCES,1994-07-01,1997-07-01,13
NYT US,NEW YORK TIMES CO-A,1990-04-01,1997-07-01,30
TDM UN,TANDEM COMPUTERS INC,1990-04-01,1997-07-01,30
1005945D US,OHIO EDISON COMPANY,1990-04-01,1997-10-01,31
1802Q UN,BEVERLY ENTERPRISES-(OLD),1990-04-01,1997-10-01,31
2822069Q UN,SALOMON INC,1990-04-01,1997-10-01,31
FLMIQ UN,FLEMING COMPANIES INC,1990-04-01,1997-10-01,31
HFS UN,HFS INC,1996-10-01,1997-10-01,5
LLX UN,LOUISIANA LAND & EXPLORATION,1990-04-01,1997-10-01,31
SRR UN,STRIDE RITE CORP/THE,1990-04-01,1997-10-01,31
0948669D US,AMERICAN GREETINGS CORP-CL A,1990-04-01,1998-01-01,32
204923Q UN,CALIBER SYSTEM INC,1996-01-01,1998-01-01,9
2332645D UA,ECHO BAY MINES LTD,1990-04-01,1998-01-01,32
2638Q UN,BARNETT BANKS INC,1990-04-01,1998-01-01,32
3147Q UN,HOST HOLDING CORP,1996-01-01,1998-01-01,9
PAS UN,PEPSIAMERICAS INC,1990-04-01,1998-01-01,32
UEP UN,UNION ELECTRIC CO,1991-10-01,1998-01-01,26
1073675D UQ,CHARMING SHOPPES,1990-04-01,1998-04-01,33
1558530D UN,USF&G CORPORATION,1990-04-01,1998-04-01,33
1801229D UN,SODEXO INC,1994-01-01,1998-04-01,18
2009Q UN,W.R. GRACE & CO-OLD,1996-10-01,1998-04-01,7
2106Q UN,SAFETY-KLEEN CORP,1990-04-01,1998-04-01,33
2126800D UN,PACIFIC ENTERPRISES,1990-04-01,1998-04-01,33
2218Q UN,BENEFICIAL CORP,1990-04-01,1998-04-01,33
2332899D UN,DIGITAL EQUIPMENT,1990-04-01,1998-04-01,33
263179Q UN,CORESTATES FINANCIAL CORP,1994-01-01,1998-04-01,18
2964Q UN,CONSECO FINANCIAL CORP,1996-04-01,1998-04-01,9
3520842Q UN,RYERSON INC,1990-04-01,1998-04-01,33
62553Q UN,NIELSEN MEDIA RESEARCH INC/U,1997-01-01,1998-04-01,6
JH UN,HARLAND (JOHN H.) CO,1990-04-01,1998-04-01,33
RHDCQ UN,DEX ONE CORP,1990-04-01,1998-04-01,33
0598884D UQ,MCI COMMUNICATIONS,1995-04-01,1998-07-01,14
0943554D UN,DII INDUSTRIES LLC,1990-04-01,1998-07-01,34
162007Q UN,MERCANTILE STORES CO INC,1990-04-01,1998-07-01,34
2196Q UN,BANKAMERICA CORP (OLD),1990-04-01,1998-07-01,34
2206Q UQ,ALCATEL-LUCENT HOLDINGS INC,1995-04-01,1998-07-01,14
2282655Q UN,ECHLIN INC,1990-04-01,1998-07-01,34
2503749D UN,WESTERN ATLAS INC,1994-04-01,1998-07-01,18
3619382Q UN,MANOR CARE INC  (OLD),1990-04-01,1998-07-01,34
45861Q UN,HF AHMANSON & CO,1990-04-01,1998-07-01,34
69895Q UN,BAY NETWORKS INC,1996-04-01,1998-07-01,10
GFS/A UA,GIANT FOOD INC  -CL A,1990-04-01,1998-07-01,34
WMX UN,WASTE MANAGEMENT INC/OLD,1990-04-01,1998-07-01,34
134618Q UN,GENERAL RE CORP,1990-04-01,1998-10-01,35
1567Q UN,SMURFIT-STONE CONTAINER ENTE,1990-04-01,1998-10-01,35
2200Q US,CITICORP,1990-04-01,1998-10-01,35
2223Q UN,WELLS FARGO & CO/OLD,1990-04-01,1998-10-01,35
2251Q UN,CHRYSLER CORP,1990-04-01,1998-10-01,35
231079Q UN,PENNZENERGY COMPANY,1990-04-01,1998-10-01,35
2360614D UN,ARMCO INC,1990-04-01,1998-10-01,35
2428Q UN,FIRST CHICAGO NBD CORP,1990-04-01,1998-10-01,35
370506Q UN,U S SURGICAL CORP,1992-10-01,1998-10-01,25
504369Q UN,GENERAL SIGNAL CORP,1990-04-01,1998-10-01,35
WAMUQ UQ,WASHINGTON MUTUAL INC,1997-10-01,1998-10-01,5
2284Q UN,SUNAMERICA INC,1997-10-01,1999-01-01,6
244630Q UQ,HBO & CO,1998-01-01,1999-01-01,5
2500Q UN,BP CORP NORTH AMERICA INC,1990-04-01,1999-01-01,36
ORX UN,ORYX ENERGY CO,1990-04-01,1999-01-01,36
RBD UN,RUBBERMAID INC,1990-04-01,1999-01-01,36
TAP UQ,MOLSON COORS BEVERAGE CO - B,1995-01-01,1999-01-01,17
TCOMA UQ,COMCAST CABLE HOLDINGS LLC-A,1995-04-01,1999-01-01,16
1703561D UN,UNUM GROUP CORP,1998-10-01,1999-04-01,3
2691Q UN,AMERICAN STORES CO LLC,1990-04-01,1999-04-01,37
2745Q UN,VODAFONE AMERICAS INC,1994-07-01,1999-04-01,20
3179Q UN,MORTON INTERNATIONAL LLC,1997-07-01,1999-04-01,8
399463Q UN,DEUTSCHE BANK TRUST CORP,1990-04-01,1999-04-01,37
548227Q UN,FRED MEYER INC,1998-10-01,1999-04-01,3
611647Q UN,TE CONNECTIVITY CORP,1990-04-01,1999-04-01,37
841273Q UQ,ASCEND COMMUNICATIONS INC,1998-07-01,1999-04-01,4
896661Q UN,UNION CAMP CORP,1990-04-01,1999-04-01,37
968734Q UN,AEROQUIP-VICKERS INC,1990-04-01,1999-04-01,37
HRZIQ US,HARNISCHFEGER INDUSTRIES INC,1990-04-01,1999-04-01,37
JWN UQ,NORDSTROM INC,1995-01-01,1999-04-01,18
MWI UN,MOORE WALLACE INC,1990-04-01,1999-04-01,37
PARA UA,PARAMOUNT GLOBAL-CLASS B,1994-10-01,1999-04-01,19
2972Q UN,TRANSAMERICA CORP,1990-04-01,1999-07-01,38
3459Q UN,BROWNING-FERRIS INDS,1990-04-01,1999-07-01,38
3546Q UN,GLOBAL CROSSING NORTH AMERIC,1997-04-01,1999-07-01,10
375573Q UN,CHAMPIONX LLC,1990-04-01,1999-07-01,38
390297Q UN,MERCANTILE BANCORPORATION,1998-04-01,1999-07-01,6
BKB UN,BANKBOSTON CORPORATION,1990-04-01,1999-07-01,38
BMG UN,BATTLE MOUNTAIN GOLD CO,1996-10-01,1999-07-01,12
FTLAQ US,FRUIT OF THE LOOM LTD,1995-07-01,1999-07-01,17
RYC UN,RAYCHEM CORP,1990-04-01,1999-07-01,38
0820143D UN,ASARCO LLC,1990-04-01,1999-10-01,39
183291Q UN,DATA GENERAL CORP,1990-04-01,1999-10-01,39
222435Q UN,CASE CORPORATION,1996-04-01,1999-10-01,15
2288005Q UN,PIONEER HI-BRED INTL INC,1996-01-01,1999-10-01,16
2454227D UN,TENNECO INC-CLASS A,1997-01-01,1999-10-01,12
2755Q UN,HONEYWELL INC,1990-04-01,1999-10-01,39
2770014Q UN,KING WORLD PRODUCTIONS INC,1990-04-01,1999-10-01,39
3054Q UN,AT&T TELEHOLDINGS INC,1990-04-01,1999-10-01,39
363096Q UN,CYPRUS AMAX MINERALS CO,1990-04-01,1999-10-01,39
3891289Q UN,MOBIL CORP,1990-04-01,1999-10-01,39
93916Q UN,SONAT INC,1990-04-01,1999-10-01,39
LDWIF UN,LAIDLAW INC,1995-07-01,1999-10-01,18
PPW US,PACIFICORP,1990-04-01,1999-10-01,39
1727044D UN,CONSOLIDATED NATURAL GAS CO,1990-04-01,2000-01-01,40
827663Q UN,ARRIS TECHNOLOGY INC,1997-10-01,2000-01-01,10
FLTWQ UN,FLEETWOOD ENTERPRISES,1990-04-01,2000-01-01,40
FWLT US,FOSTER WHEELER AG,1995-04-01,2000-01-01,20
HAS UN,HASBRO INC,1995-04-01,2000-01-01,20
RNB US,HSBC USA INC,1995-10-01,2000-01-01,18
SCI UN,SERVICE CORP INTERNATIONAL,1990-04-01,2000-01-01,40
140402Q UN,CHAMPION INTERNATIONAL CORP,1990-04-01,2000-04-01,41
1621582D UN,REYNOLDS METALS CO LLC,1990-04-01,2000-04-01,41
1627457D UN,PEP BOYS-MANNY MOE & JACK,1990-10-01,2000-04-01,39
1916672D UN,TIMES MIRROR CO-CL A,1990-04-01,2000-04-01,41
2731112Q UN,SIEMENS MEDICAL SOLUTIONS,1997-10-01,2000-04-01,11
285939Q UN,PHARMACIA & UPJOHN INC,1996-01-01,2000-04-01,18
300583Q UN,ATLANTIC RICHFIELD CO,1990-04-01,2000-04-01,41
3301Q UN,MIRAGE RESORTS LLC,1997-10-01,2000-04-01,11
45200Q UN,AEP TEXAS INC,1990-04-01,2000-04-01,41
667517Q UN,CBS CORP/OLD,1990-04-01,2000-04-01,41
IKN UN,RICOH USA INC,1990-04-01,2000-04-01,41
JOSEA US,JOSTENS INC-CL A.,1990-04-01,2000-04-01,41
MZIAQ UN,MILACRON INC,1990-04-01,2000-04-01,41
NC UN,NACCO INDUSTRIES-CL A,1990-04-01,2000-04-01,41
SGID UN,SILICON GRAPHICS INC,1995-04-01,2000-04-01,21
UMGI UN,COMCAST MO GROUP LLC,1996-01-01,2000-04-01,18
WLA UN,WARNER-LAMBERT CO LLC,1990-04-01,2000-04-01,41
WOR UQ,WORTHINGTON ENTERPRISES INC,1995-04-01,2000-04-01,21
1778808D UQ,3COM CORP,1996-04-01,2000-07-01,18
2953349Q UN,ANADARKO HOLDING CO,1997-01-01,2000-07-01,15
571300Q UN,GTE CORP,1990-04-01,2000-07-01,42
GAPTQ UN,GREAT ATLANTIC & PAC TEA CO,1990-04-01,2000-07-01,42
NCE UN,NEW CENTURY ENERGIES INC,1999-01-01,2000-07-01,7
RADCQ UN,RITE AID CORP,1990-04-01,2000-07-01,42
USW UN,US WEST INC,1990-04-01,2000-07-01,42
0872237D UN,VERITAS SOFTWARE TECHNOLOGY,1996-10-01,2000-10-01,17
2269312Q UN,EASTERN ENTERPRISES,1990-04-01,2000-10-01,43
236555Q UN,BESTFOODS,1990-04-01,2000-10-01,43
291784Q UN,SEAGRAM CO LTD,1990-04-01,2000-10-01,43
301710Q UN,PAINE WEBBER GROUP INC,1999-07-01,2000-10-01,6
304024Q UN,SPRINGS INDUSTRIES INC-CL A,1995-04-01,2000-10-01,23
3253Q UN,VOYA HOLDINGS INC,1990-04-01,2000-10-01,43
68335Q UN,COLUMBIA ENERGY GROUP,1990-04-01,2000-10-01,43
ACKH UN,ARMSTRONG HOLDINGS INC,1990-04-01,2000-10-01,43
AFS UN,ASSOCIATES FIRST CAPITAL-A,1998-07-01,2000-10-01,10
BHMSQ UN,BETHLEHEM STEEL CORP,1990-04-01,2000-10-01,43
CCK UN,CROWN HOLDINGS INC,1990-04-01,2000-10-01,43
FJ UN,FORT JAMES CORP,1990-04-01,2000-10-01,43
FPC UN,FLORIDA PROGRESS CORP,1999-07-01,2000-10-01,6
GBLXQ US,GLOBAL CROSSING LTD,1999-10-01,2000-10-01,5
GRA UN,WR GRACE & CO,1998-07-01,2000-10-01,10
MKG UN,MALLINCKRODT INC,1994-04-01,2000-10-01,27
NGH UN,RJR ACQUISITION CORP,1998-10-01,2000-10-01,9
OWENQ UN,OWENS CORNING SALES LLC,1990-04-01,2000-10-01,43
PRDCQ UN,PRIMARY PDC INC,1990-04-01,2000-10-01,43
RML UN,RUSSELL CORP,1990-04-01,2000-10-01,43
UCM UN,UNICOM CORPORATION,1990-04-01,2000-10-01,43
YNR UN,YOUNG & RUBICAM LLC/DE,2000-04-01,2000-10-01,3
1255177D UN,UNION CARBIDE CORP,1990-04-01,2001-01-01,44
253647Q UN,HISTORIC TW INC,1990-04-01,2001-01-01,44
3075558Q UN,SUMMIT BANCORP,1998-04-01,2001-01-01,12
3277Q UN,J.P. MORGAN & COMPANY-OLD,1995-04-01,2001-01-01,24
3346Q UN,US BANCORP/FIRST BANK-OLD,1996-01-01,2001-01-01,21
BMC UQ,BMC SOFTWARE INC,1998-10-01,2001-01-01,10
CGP UN,EL PASO CO LLC,1990-04-01,2001-01-01,44
1789494D UN,NIELSEN AUDIO INC,1992-07-01,2001-04-01,36
739306Q UN,HARCOURT GENERAL INC,1993-04-01,2001-04-01,33
89236Q UN,CIT GROUP INC,2000-10-01,2001-04-01,3
AZA UN,ALZA CORP,1992-07-01,2001-04-01,36
BGGSQ UN,BRIGGS & STRATTON,1990-04-01,2001-04-01,45
OK UN,OLD KENT FINANCIAL CORP,2000-01-01,2001-04-01,6
RTN/B UN,RAYTHEON CO-CLASS B,2001-04-01,2001-04-01,1
SXCL UQ,STEEL EXCEL INC,1999-10-01,2001-04-01,7
2567699D UN,ENTERASYS NETWORKS INC,1995-07-01,2001-07-01,25
2621018D UN,TOSCO CORP,1999-10-01,2001-07-01,8
41018Q US,WACHOVIA CORP/OLD,1994-01-01,2001-07-01,31
950967Q UN,COREBRIDGE LIFE HOLDINGS INC,1990-04-01,2001-07-01,46
BVSN UQ,BROADVISION INC,2001-01-01,2001-07-01,3
LDG UN,LONGS DRUG STORES CORP,1990-04-01,2001-07-01,46
OAT UN,QUAKER OATS CO,1990-04-01,2001-07-01,46
PCH UN,POTLATCHDELTIC CORP,1990-04-01,2001-07-01,46
TKR UN,TIMKEN CO,1990-04-01,2001-07-01,46
2572350D UN,NESTLE PURINA PETCARE CO,1990-04-01,2001-10-01,47
329556Q UN,NATIONAL SERVICE INDS INC,1990-04-01,2001-10-01,47
677004Q UN,TEXACO INC,1990-04-01,2001-10-01,47
ENRNQ UN,ENRON CREDITORS RECOVERY COR,1990-04-01,2001-10-01,47
GBLXQ UN,GLOBAL CROSSING LTD,2001-01-01,2001-10-01,4
GPUI UN,GPU INC,1995-04-01,2001-10-01,27
HM UN,HOMESTAKE MINING,1990-04-01,2001-10-01,47
1051665D UN,WESTVACO CORP,1990-04-01,2002-01-01,48
228510Q UN,WILLAMETTE INDUSTRIES INC,1997-01-01,2002-01-01,21
544791Q UN,MEAD CORP,1990-04-01,2002-01-01,48
KMRTQ UN,KMART CORP/OLD,1990-04-01,2002-01-01,48
NMK UN,NIAGARA MOHAWK HOLDINGS INC,1990-04-01,2002-01-01,48
1040983D UQ,LAKESTAR SEMI INC,2000-04-01,2002-04-01,9
355488Q UQ,REGIONS FINANCIAL CORP-OLD,1998-10-01,2002-04-01,15
680884Q UN,COMPAQ COMPUTER CORP,1990-04-01,2002-04-01,49
SAPE UQ,SAPIENT CORPORATION,2000-07-01,2002-04-01,8
UAWGQ UN,US AIRWAYS GROUP INC/OLD,1990-04-01,2002-04-01,49
WCOEQ UQ,WORLDCOM INC-WORLDCOM GROUP,1996-07-01,2002-04-01,24
2481644D UN,CONOCOPHILLIPS HOLDING CO,1999-10-01,2002-07-01,12
8214761Q UN,ALCAN INC,1990-04-01,2002-07-01,50
B UN,BARRICK MINING CORP,1994-01-01,2002-07-01,35
CNCEQ UN,CONSECO INC,1997-04-01,2002-07-01,22
IMNX UQ,IMMUNEX CORP,2001-10-01,2002-07-01,4
INCLF UN,INCO LTD,1990-04-01,2002-07-01,50
NRTLQ UN,NORTEL NETWORKS CORP,1990-04-01,2002-07-01,50
PALM UQ,PALM INC,2000-10-01,2002-07-01,8
PDG UN,PLACER DOME INC,1990-04-01,2002-07-01,50
RDPL UN,ROYAL DUTCH PETRO-NY SHARES,1990-04-01,2002-07-01,50
UN UN,UNILEVER N V  -NY SHARES,1990-04-01,2002-07-01,50
VTSS UQ,MICROCHIP COMMUNICATIONS LLC,2001-01-01,2002-07-01,7
297504Q UN,NORTHROP GRUMMAN SPACE & MIS,1990-04-01,2002-10-01,51
519239Q UQ,CONCORD EFS INC,2001-07-01,2002-10-01,6
CMCSK UQ,COMCAST CORP-SPECIAL CL A,1994-01-01,2002-10-01,36
2727195Q UN,HSBC FINANCE CORP,1990-04-01,2003-01-01,52
AAMRQ UN,AMR CORP,1990-04-01,2003-01-01,52
EHC UN,ENCOMPASS HEALTH CORP,1997-04-01,2003-01-01,24
RATL UQ,RATIONAL SOFTWARE CORP,2002-04-01,2003-01-01,4
748957Q UN,PHARMACIA LLC,1990-04-01,2003-04-01,53
MDRIQ UN,MCDERMOTT INTL INC,1990-04-01,2003-07-01,54
MIRKQ UN,MIRANT CORP-OLD,2001-07-01,2003-07-01,9
QTRN UQ,QUINTILES TRANSNATIONAL CORP,2000-01-01,2003-07-01,15
BGEN UQ,BIOGEN MA INC,2000-04-01,2003-10-01,15
519239Q UN,CONCORD EFS INC,2003-01-01,2004-01-01,5
FBF UN,FLEETBOSTON FINANCIAL CORP,1992-07-01,2004-01-01,47
TUPBQ UN,TUPPERWARE BRANDS CORP,1996-07-01,2004-01-01,31
0948669D UN,AMERICAN GREETINGS CORP-CL A,1998-04-01,2004-04-01,25
1822785D UN,UNION PLANTERS CORP,1998-10-01,2004-04-01,23
355488Q UN,REGIONS FINANCIAL CORP-OLD,2002-07-01,2004-04-01,8
3621240Q UN,BANK ONE CORP,1990-04-01,2004-04-01,57
945852Q UN,SPRINT CORP-PCS GROUP,1999-01-01,2004-04-01,22
JHF UN,JOHN HANCOCK FINANCIAL SRVCS,2001-07-01,2004-04-01,12
TAP/B UN,TRAVELERS PROP CASUALT-B,2002-10-01,2004-04-01,7
605018Q UN,CHARTER ONE FIN INC,2000-07-01,2004-07-01,17
TNB UN,ABB INSTALLATION PRODUCTS IN,1990-04-01,2004-07-01,58
2676187Q UQ,SOUTHTRUST CORP,1999-04-01,2004-10-01,23
3029830Q UQ,PEOPLESOFT INC,1999-01-01,2004-10-01,24
502466Q US,WELLPOINT HEALTH NETWORKS,1999-07-01,2004-10-01,22
9990253D UN,REDCO CORP,1990-04-01,2004-10-01,59
AWE UN,NEW CINGULAR WIRELESS SERVIC,2001-10-01,2004-10-01,13
DLX UN,DELUXE CORP,1990-04-01,2004-10-01,59
DVN UA,DEVON ENERGY CORP,2000-10-01,2004-10-01,17
WNDXQ UN,WINN-DIXIE STORES INC-OLD,1990-04-01,2004-10-01,59
WOR UN,WORTHINGTON ENTERPRISES INC,2000-07-01,2004-10-01,18
2326007D UQ,POWER-ONE INC,2001-01-01,2005-01-01,17
605555Q UN,SEARS ROEBUCK AND CO,1990-04-01,2005-01-01,60
1799685D UN,UNOCAL CORP,1990-04-01,2005-07-01,62
3153670Q UQ,VERITAS SOFTWARE CORP,2000-07-01,2005-07-01,21
723588Q UN,GREAT LAKES CHEMICAL CORP,1992-01-01,2005-07-01,55
764144Q UN,FIS CAPITAL MARKETS US LLC,2002-10-01,2005-07-01,12
987200Q UN,MAY DEPARTMENT STORES CO,1990-04-01,2005-07-01,62
DALRQ UN,DELTA AIR LINES INC/OLD,1990-04-01,2005-07-01,62
NXTL UQ,NEXTEL COMMUNICATIONS INC-A,1998-07-01,2005-07-01,29
TOY UN,TOYS R US INC,1990-04-01,2005-07-01,62
1028411Q UN,GILLETTE COMPANY,1991-10-01,2005-10-01,57
1825471D UN,GEORGIA-PACIFIC LLC,1990-04-01,2005-10-01,63
653707Q UN,AT&T CORP,1990-04-01,2005-10-01,63
CPNLQ UN,CALPINE CORP,2001-01-01,2005-10-01,20
DPHIQ UN,DPH HOLDINGS CORP,1999-07-01,2005-10-01,26
NBR UA,NABORS INDUSTRIES LTD,2001-01-01,2005-10-01,20
PVN UN,PROVIDIAN FINANCIAL CORP,1997-07-01,2005-10-01,34
2217347D UQ,MERCURY INTERACTIVE LLC,2000-07-01,2006-01-01,23
3026360Q UN,SCIENTIFIC-ATLANTA LLC,1990-04-01,2006-01-01,64
DCNAQ UN,DANA CORP,1990-04-01,2006-01-01,64
KRB UN,MBNA CORP,1992-07-01,2006-01-01,55
RBK UN,REEBOK INTERNATIONAL LTD,1990-04-01,2006-01-01,64
SEBL UQ,SIEBEL SYSTEMS INC,2000-07-01,2006-01-01,23
VSTNQ UN,VISTEON CORP,2000-07-01,2006-01-01,23
1288652D US,JEFFERSON-PILOT CORP,1990-04-01,2006-04-01,65
1312089D UN,ALBERTSON'S LLC,1990-04-01,2006-04-01,65
1683351D UQ,NOVARTIS VACCINES AND DIAGNO,2001-01-01,2006-04-01,22
2613148D UN,GUIDANT LLC,1997-01-01,2006-04-01,38
2999130Q UN,BASF CATALYSTS LLC,1990-04-01,2006-04-01,65
3080867Q UN,MAYTAG CORP,1990-04-01,2006-04-01,65
929530Q UN,BURLINGTON RESOURCES INC,1994-01-01,2006-04-01,50
AMCC UQ,APPLIED MICRO CIRCUITS CORP,2001-04-01,2006-04-01,21
CIN UN,CINERGY CORP,1995-01-01,2006-04-01,46
KRI UN,KNIGHT RIDDER INC,1990-04-01,2006-04-01,65
0544749D UN,KERR-MCGEE CORP,1990-04-01,2006-07-01,66
0964591D UQ,BIOMET INC,1990-10-01,2006-07-01,64
1280712D UQ,NOVELLUS SYSTEMS INC,2000-07-01,2006-07-01,25
1519128D UQ,COMPUWARE CORP,1999-04-01,2006-07-01,30
1649858D UQ,SAFECO CORP,1990-04-01,2006-07-01,66
1683997D UQ,DELL INC,1996-10-01,2006-07-01,40
1746513D UQ,COMMSCOPE CONNECTIVITY LLC,1999-10-01,2006-07-01,28
1920486D UQ,ORACLE AMERICA INC,1992-10-01,2006-07-01,56
2207158D UQ,MEDIMMUNE LLC,2000-07-01,2006-07-01,25
2307532Q UQ,SCHNEIDER ELECTRIC IT CORP,2000-07-01,2006-07-01,25
2544554D UQ,SANDISK LLC,2006-07-01,2006-07-01,1
2619871D UQ,STAPLES INC,1999-01-01,2006-07-01,31
2648540D UQ,GENZYME CORP,2002-01-01,2006-07-01,19
8206908Q UQ,BBVA USA BANCSHARES INC,2005-01-01,2006-07-01,7
AAPL UQ,APPLE INC,1990-04-01,2006-07-01,66
ADBE UQ,ADOBE INC,1997-07-01,2006-07-01,37
ADSK UQ,AUTODESK INC,1990-04-01,2006-07-01,66
AMAT UQ,APPLIED MATERIALS INC,1995-04-01,2006-07-01,46
AMGN UQ,AMGEN INC,1992-04-01,2006-07-01,58
AMZN UQ,AMAZON.COM INC,2006-01-01,2006-07-01,3
ANDW UQ,COMMSCOPE TECHNOLOGIES LLC,1990-04-01,2006-07-01,66
APOL UQ,APOLLO EDUCATION GROUP INC,2002-07-01,2006-07-01,17
BBBYQ UQ,20230930-DK-BUTTERFLY-1 INC,1999-10-01,2006-07-01,28
BIIB UQ,BIOGEN INC,2004-01-01,2006-07-01,11
BRCM UQ,BROADCOM CORP-CL A,2000-10-01,2006-07-01,24
CAR UN,AVIS BUDGET GROUP INC,1995-07-01,2006-07-01,45
CIEN UQ,CIENA CORP,2001-10-01,2006-07-01,20
CINF UQ,CINCINNATI FINANCIAL CORP,1998-01-01,2006-07-01,35
CMCSA UQ,COMCAST CORP-CLASS A,1990-04-01,2006-07-01,30
COST UQ,COSTCO WHOLESALE CORP,1994-01-01,2006-07-01,51
CSCO UQ,CISCO SYSTEMS INC,1994-01-01,2006-07-01,51
CTAS UQ,CINTAS CORP,2001-04-01,2006-07-01,22
CTB UN,COOPER TIRE & RUBBER CO LLC,1990-07-01,2006-07-01,65
CTXS UQ,CITRIX SYSTEMS INC,2000-01-01,2006-07-01,27
EA UQ,ELECTRONIC ARTS INC,2002-10-01,2006-07-01,16
EBAY UQ,EBAY INC,2002-10-01,2006-07-01,16
ESRX UQ,EVERNORTH HEALTH INC,2003-10-01,2006-07-01,12
FISV UQ,FISERV INC,2001-07-01,2006-07-01,21
FITB UQ,FIFTH THIRD BANCORP,1996-04-01,2006-07-01,42
GEN UQ,GEN DIGITAL INC,2003-04-01,2006-07-01,14
GILD UQ,GILEAD SCIENCES INC,2004-07-01,2006-07-01,9
GOOGL UQ,ALPHABET INC-CL A,2006-07-01,2006-07-01,1
GTW UN,GATEWAY INC,1998-07-01,2006-07-01,33
HBAN UQ,HUNTINGTON BANCSHARES INC,1997-10-01,2006-07-01,36
INTC UQ,INTEL CORP,1990-04-01,2006-07-01,66
INTU UQ,INTUIT INC,2001-01-01,2006-07-01,23
JNPR UQ,JUNIPER NETWORKS INC,2006-07-01,2006-07-01,1
KLAC UQ,KLA CORP,1997-10-01,2006-07-01,36
LLTC UQ,LINEAR TECHNOLOGY CORP,2000-07-01,2006-07-01,25
MOLX UQ,MOLEX LLC/US,2000-01-01,2006-07-01,27
MSFT UQ,MICROSOFT CORP,1994-07-01,2006-07-01,49
MWW UQ,MONSTER WORLDWIDE INC,2001-07-01,2006-07-01,21
MXIM UQ,MAXIM INTEGRATED PRODUCTS,2000-07-01,2006-07-01,25
NOVL UQ,MICRO FOCUS SOFTWARE INC,1992-01-01,2006-07-01,59
NTAP UQ,NETAPP INC,1999-07-01,2006-07-01,29
NTRS UQ,NORTHERN TRUST CORP,1998-04-01,2006-07-01,34
NVDA UQ,NVIDIA CORP,2002-01-01,2006-07-01,19
ORCL UQ,ORACLE CORP,1990-04-01,2006-07-01,66
PAYX UQ,PAYCHEX INC,1998-10-01,2006-07-01,32
PCAR UQ,PACCAR INC,1990-04-01,2006-07-01,66
PDCO UQ,PATTERSON COS INC,2006-01-01,2006-07-01,3
PMCS UQ,MICROSEMI STORAGE SOLUTIONS,2001-10-01,2006-07-01,20
PTC UQ,PTC INC,1997-07-01,2006-07-01,37
QCOM UQ,QUALCOMM INC,1999-10-01,2006-07-01,28
QLGC UQ,QLOGIC LLC,2001-01-01,2006-07-01,23
SANM UQ,SANMINA CORP,2000-07-01,2006-07-01,25
SBUX UQ,STARBUCKS CORP,2000-07-01,2006-07-01,25
SCHW UQ,SCHWAB (CHARLES) CORP,2006-01-01,2006-07-01,3
SHLDQ UQ,SEARS HOLDINGS CORP,2005-04-01,2006-07-01,6
SIAL UQ,SIGMA-ALDRICH,1994-10-01,2006-07-01,48
TLAB UQ,INFINERA OPTICAL HOLDING INC,1995-10-01,2006-07-01,44
TROW UQ,T ROWE PRICE GROUP INC,2000-01-01,2006-07-01,27
VIAV UQ,VIAVI SOLUTIONS INC,2000-10-01,2006-07-01,24
VRSN UQ,VERISIGN INC,2006-04-01,2006-07-01,2
WFM UQ,WHOLE FOODS MARKET INC,2006-04-01,2006-07-01,2
XLNX UQ,XILINX INC,2000-01-01,2006-07-01,27
ZION UQ,ZIONS BANCORP NA,2001-07-01,2006-07-01,21
1281683D UN,ALBERTO-CULVER CO,1990-04-01,2006-10-01,67
1649858D UW,SAFECO CORP,2006-10-01,2006-10-01,1
1837572D UN,NOKIA OF AMERICA CORP,1997-01-01,2006-10-01,40
3133754Q UN,AMSOUTH BANCORPORATION,1999-04-01,2006-10-01,31
3605818Q UN,HCA INC/OLD,1993-10-01,2006-10-01,53
ANDW UW,COMMSCOPE TECHNOLOGIES LLC,2006-10-01,2006-10-01,1
ETFC UN,E*TRADE FINANCIAL CORP,2004-04-01,2006-10-01,11
FSH UN,FISHER SCIENTIFIC INTERNATIO,2004-10-01,2006-10-01,9
FSL/B UN,FREESCALE SEMICONDUCTOR-B,2005-01-01,2006-10-01,8
GDW UN,GOLDEN WEST FINANCIAL CORP,1990-04-01,2006-10-01,67
LPX UN,LOUISIANA-PACIFIC CORP,1990-04-01,2006-10-01,67
NAV UN,NAVISTAR INTERNATIONAL CORP,1990-04-01,2006-10-01,67
NFB UN,NORTH FORK BANCORPORATION,2002-10-01,2006-10-01,17
1293405D UN,UNIVISION COMMUNICATIONS-A,2001-04-01,2007-01-01,24
1704453D UN,FREEPORT-MCMORAN CORP,1990-04-01,2007-01-01,68
1996760D UN,HEALTH MANAGEMENT ASSOCIATES,2002-01-01,2007-01-01,21
2307532Q UW,SCHNEIDER ELECTRIC IT CORP,2006-10-01,2007-01-01,2
2987536Q UN,SYMBOL TECHNOLOGIES LLC,2001-01-01,2007-01-01,25
BLS UN,BELLSOUTH LLC,1990-04-01,2007-01-01,68
CMVT UQ,COMVERSE TECHNOLOGY INC,2000-01-01,2007-01-01,29
CMX UN,CAREMARK RX INC,2004-04-01,2007-01-01,12
EOP UN,EQUITY OFFICE PROPERTIES TR,2002-01-01,2007-01-01,21
PGL UN,PEOPLES ENERGY LLC,1990-04-01,2007-01-01,68
1528159D UN,SABRE HOLDINGS CORP-CL A,2000-04-01,2007-04-01,29
2207158D UW,MEDIMMUNE LLC,2006-10-01,2007-04-01,3
3362726Q UN,ANYWHERE REAL ESTATE GROUP L,2006-10-01,2007-04-01,3
4621824Q UN,KINDER MORGAN KANSAS INC,2001-01-01,2007-04-01,26
0964591D UW,BIOMET INC,2006-10-01,2007-07-01,4
1317355D UN,FIRST DATA CORP,1994-10-01,2007-07-01,52
1746513D UW,COMMSCOPE CONNECTIVITY LLC,2006-10-01,2007-07-01,4
3403545Q UN,DOLLAR GENERAL CORP/OLD,1998-10-01,2007-07-01,36
8206908Q UW,BBVA USA BANCSHARES INC,2006-10-01,2007-07-01,4
KSE UN,KEYSPAN CORP,2000-10-01,2007-07-01,28
MEL UN,MELLON FINANCIAL CORP,1990-04-01,2007-07-01,70
PMCS UW,MICROSEMI STORAGE SOLUTIONS,2006-10-01,2007-07-01,4
SANM UW,SANMINA CORP,2006-10-01,2007-07-01,4
VYX UN,NCR VOYIX CORP,2000-04-01,2007-07-01,30
0574018D UN,ARCHSTONE-SMITH TRUST,2005-01-01,2007-10-01,12
0910150D US,PARK HOTELS & RESORTS INC /O,1990-04-01,2007-10-01,71
1448062D UN,DIRECTV,2007-01-01,2007-10-01,4
1719868D UN,MANOR CARE INC,1998-10-01,2007-10-01,37
2502261D UN,TEKTRONIX INC,1990-04-01,2007-10-01,71
2641504Q UN,SOLECTRON CORP,1999-01-01,2007-10-01,36
3414924Q US,AVAYA LLC,2001-01-01,2007-10-01,28
3692470Q UN,ALLTEL CORP,1995-01-01,2007-10-01,52
BOL UN,BAUSCH & LOMB INC,1990-04-01,2007-10-01,71
DJ UN,DOW JONES & CO INC,1990-04-01,2007-10-01,71
TIN UN,TEMPLE-INLAND LLC,1990-04-01,2007-10-01,71
TRB UN,TRIBUNE CO/OLD,1990-04-01,2007-10-01,71
TXU US,ENERGY FUTURE HOLDINGS CORP/,1990-04-01,2007-10-01,71
1520415D UN,COMMERCE BANCORP LLC/NJ,2006-07-01,2008-01-01,7
1541931D UQ,ALTERA CORP,2000-07-01,2008-01-01,31
CCTYQ UN,CIRCUIT CITY STORES INC,1990-04-01,2008-01-01,72
HET UN,CAESARS ENTERTAINMENT CORP,1990-04-01,2008-01-01,70
SNV UN,SYNOVUS FINANCIAL CORP,1998-01-01,2008-01-01,41
2326248D UN,CA INC,1990-04-01,2008-04-01,73
2942331Q UN,BEAR STEARNS COS LLC/THE,1998-07-01,2008-04-01,40
5656565D UN,TRANE INC,2002-07-01,2008-04-01,24
ABKFQ UN,AMBAC FINANCIAL GROUP INC/OL,2001-01-01,2008-04-01,30
BC UN,BRUNSWICK CORP,1990-04-01,2008-04-01,73
CFC UN,COUNTRYWIDE FINANCIAL CORP,1997-07-01,2008-04-01,44
OMX UN,OFFICEMAX INC,1990-04-01,2008-04-01,73
SSP UN,EW SCRIPPS CO/THE-A,2006-01-01,2008-04-01,10
1649858D UN,SAFECO CORP,2007-01-01,2008-07-01,7
1812212D UW,IAC/INTERACTIVECORP,2007-01-01,2008-07-01,7
2968900Q UN,IHEARTCOMMUNICATIONS INC,1997-10-01,2008-07-01,44
3022239Q UN,WENDY'S INTERNATIONAL LLC,1990-04-01,2008-07-01,74
3423152Q UN,PERATON ENTERPRISE SOLUTIONS,1998-10-01,2008-07-01,40
CME UN,CME GROUP INC,2006-10-01,2008-07-01,8
FMCC UN,FREDDIE MAC,1992-04-01,2008-07-01,66
FNMA UN,FANNIE MAE,1990-04-01,2008-07-01,74
LEHMQ UN,LEHMAN BROTHERS HOLDINGS INC,1998-04-01,2008-07-01,42
WAMUQ UN,WASHINGTON MUTUAL INC,1999-01-01,2008-07-01,39
3286728Q UN,APPLIED BIOSYSTEMS INC,1990-04-01,2008-10-01,75
3393199Q UN,ANHEUSER-BUSCH COS INC,1990-04-01,2008-10-01,75
ADP UN,AUTOMATIC DATA PROCESSING,1990-04-01,2008-10-01,75
ASH UN,ASHLAND INC,1990-04-01,2008-10-01,75
AW UN,ALLIED WASTE INDUSTRIES INC,1999-10-01,2008-10-01,37
BRL UN,BARR PHARMACEUTICALS INC,2006-04-01,2008-10-01,11
DDS UN,DILLARDS INC-CL A,1990-04-01,2008-10-01,75
HPC US,HERCULES LLC,1990-04-01,2008-10-01,75
KATE UN,KATE SPADE & CO LLC,1991-04-01,2008-10-01,71
MTG UN,MGIC INVESTMENT CORP,1996-10-01,2008-10-01,49
MWW UW,MONSTER WORLDWIDE INC,2006-10-01,2008-10-01,9
MYL UN,MYLAN NV,2004-07-01,2008-10-01,18
TEX UN,TEREX CORP,2007-01-01,2008-10-01,8
TFCFA UN,TFCF CORP,2005-01-01,2008-10-01,16
UIS UN,UNISYS CORP,1990-04-01,2008-10-01,75
WWY UN,WM WRIGLEY JR CO,1990-04-01,2008-10-01,75
1255173D UN,WACHOVIA CORP,1990-04-01,2009-01-01,76
3517233Q UN,UST LLC,1990-04-01,2009-01-01,76
ACAS UW,ACAS LLC,2007-10-01,2009-01-01,6
JNY UN,JONES GROUP INC/THE,2002-01-01,2009-01-01,29
MER UN,MERRILL LYNCH & CO INC,1990-04-01,2009-01-01,76
NCC UN,NATIONAL CITY CORP,1994-10-01,2009-01-01,58
SITC UN,SITE CENTERS CORP,2007-04-01,2009-01-01,8
SOV UN,SANTANDER HOLDINGS USA INC,2004-07-01,2009-01-01,19
WFTIQ UN,WEATHERFORD INTERNATIONAL PL,2005-10-01,2009-01-01,14
1654539D UN,EMBARQ LLC,2006-07-01,2009-04-01,12
MTLQQ UN,MOTORS LIQUIDATION CO,1990-04-01,2009-04-01,77
ROH UN,ROHM AND HAAS CO,1990-04-01,2009-04-01,77
0226226D UN,CENTEX LLC,1990-04-01,2009-07-01,78
CITGQ UN,CIT GROUP INC,2005-01-01,2009-07-01,19
MAT UN,MATTEL INC,1990-04-01,2009-07-01,78
MTW UN,MANITOWOC COMPANY INC,2008-01-01,2009-07-01,7
RRD UN,RR DONNELLEY & SONS CO,1990-04-01,2009-07-01,78
2622092D UN,SCHERING-PLOUGH CORP/PRE-MER,1990-04-01,2009-10-01,79
BMC UN,BMC SOFTWARE INC,2001-04-01,2009-10-01,35
CIEN UW,CIENA CORP,2006-10-01,2009-10-01,13
CVG UN,CONVERGYS CORP,2000-07-01,2009-10-01,38
DYNIQ UN,DYNEGY INC/OLD,2001-01-01,2009-10-01,36
JNPR UW,JUNIPER NETWORKS INC,2006-10-01,2009-10-01,13
KBH UN,KB HOME,1990-04-01,2009-10-01,79
MBI UN,MBIA INC,1997-01-01,2009-10-01,52
MU UN,MICRON TECHNOLOGY INC,1994-10-01,2009-10-01,61
WINMQ UN,WINDSTREAM HOLDINGS INC,2006-10-01,2009-10-01,13
WYE UN,WYETH LLC,1990-04-01,2009-10-01,79
1920486D UW,ORACLE AMERICA INC,2006-10-01,2010-01-01,14
8277831Q UN,CONDUENT BUSINESS SERVICES L,2004-07-01,2010-01-01,23
BDK UN,BLACK & DECKER CORP/THE,1990-04-01,2010-01-01,80
BNI UN,BURLINGTON NORTHERN SANTA FE,1990-04-01,2010-01-01,80
PBG UN,PEPSI BOTTLING GROUP INC,2001-07-01,2010-01-01,35
RX UN,IQVIA INC,1998-07-01,2010-01-01,47
SCHW UW,SCHWAB (CHARLES) CORP,2006-10-01,2010-01-01,14
1524867D UN,BJ SERVICES CO,2002-07-01,2010-04-01,32
2073714D UN,ENBRIDGE EOG HOLDINGS II COR,2007-01-01,2010-04-01,14
XTO UN,XTO ENERGY INC,2005-01-01,2010-04-01,22
0202445Q UN,EMD MILLIPORE CORP,1990-04-01,2010-07-01,82
1810430D UN,SMITH INTERNATIONAL INC,2007-01-01,2010-07-01,15
2572102D UN,KP PHARMACEUTICALS LLC,2001-01-01,2010-10-01,40
9995522D UN,OFFICE DEPOT INC,1999-07-01,2010-10-01,46
EKDKQ UN,EASTMAN KODAK CO,1990-04-01,2010-10-01,83
HAS US,HASBRO INC,1990-04-01,2010-10-01,63
NYT UN,NEW YORK TIMES CO-A,1997-10-01,2010-10-01,53
PTV UN,PACTIV LLC,2000-01-01,2010-10-01,44
0772031D UN,QWEST COMMUNICATIONS INTL,2000-10-01,2011-01-01,42
AYE UN,ALLEGHENY ENERGY INC,2001-01-01,2011-01-01,41
MDP UN,HAWKEYE ACQUISITION INC,1990-04-01,2011-01-01,84
MFE UN,MCAFEE INC,2009-01-01,2011-01-01,9
QLGC UW,QLOGIC LLC,2006-10-01,2011-01-01,18
2648540D UW,GENZYME CORP,2006-10-01,2011-04-01,19
8394653Q UN,PROLOGIS,2003-10-01,2011-04-01,31
MEE UN,ALPHA APPALACHIA HOLDINGS LL,1990-04-01,2011-04-01,55
NOVL UW,MICRO FOCUS SOFTWARE INC,2006-10-01,2011-04-01,19
RSHCQ UN,RS LEGACY CORP,1990-04-01,2011-04-01,85
0203524D UN,NATIONAL SEMICONDUCTOR CORP,1990-04-01,2011-07-01,86
2213185D UN,MARSHALL & ILSLEY CORP,2002-04-01,2011-07-01,38
0111145D UN,NICOR INC,1990-04-01,2011-10-01,87
AKS UN,CLEVELAND-CLIFFS STEEL HOLDI,2008-07-01,2011-10-01,14
CEPH UW,CEPHALON INC,2009-01-01,2011-10-01,12
FTRCQ UN,FRONTIER COMMUNICATIONS CORP,2001-04-01,2011-10-01,43
ITT UN,ITT INC,1990-04-01,2011-10-01,87
JNS UN,JANUS HENDERSON US HOLDINGS,2000-10-01,2011-10-01,45
JOY UW,KOMATSU MINING CORP,2011-04-01,2011-10-01,3
MWW UN,MONSTER WORLDWIDE INC,2009-01-01,2011-10-01,12
SLM UN,SLM CORP,1998-07-01,2011-10-01,54
SUNEQ UN,SUNEDISON INC,2007-07-01,2011-10-01,18
TLAB UW,INFINERA OPTICAL HOLDING INC,2006-10-01,2011-10-01,21
VIAB UN,VIACOM INC-CLASS B,2006-04-01,2011-10-01,23
1519128D UW,COMPUWARE CORP,2006-10-01,2012-01-01,22
1972693D UN,CONSTELLATION ENERGY GROUP,1990-04-01,2012-01-01,88
TXN UN,TEXAS INSTRUMENTS INC,1990-04-01,2012-01-01,88
0867887D UN,MOTOROLA MOBILITY HOLDINGS L,2011-04-01,2012-04-01,5
1280712D UW,NOVELLUS SYSTEMS INC,2006-10-01,2012-04-01,23
1996074D UN,EL PASO LLC,2000-01-01,2012-04-01,50
ADI UN,ANALOG DEVICES INC,2000-01-01,2012-04-01,50
HSH UN,HILLSHIRE BRANDS CO/THE,1990-04-01,2012-04-01,89
MDLZ UN,MONDELEZ INTERNATIONAL INC-A,2007-07-01,2012-04-01,20
MHS UN,MEDCO HEALTH SOLUTIONS INC,2003-10-01,2012-04-01,35
SVU UN,SUPERVALU INC,1990-04-01,2012-04-01,89
WDC UN,WESTERN DIGITAL CORP,2009-07-01,2012-04-01,12
0961514D UN,PROGRESS ENERGY INC,1990-04-01,2012-07-01,90
CVSA UN,COVISTA INC,2009-07-01,2012-07-01,13
GR UN,GOODRICH CORP,1990-04-01,2012-07-01,90
LXK UN,LEXMARK INTERNATIONAL INC-A,1999-10-01,2012-07-01,52
SHLDQ UW,SEARS HOLDINGS CORP,2006-10-01,2012-07-01,24
1086832D UN,ETC SUNOCO HOLDINGS LLC,1990-04-01,2012-10-01,91
1431816D UN,LSI CORP,1996-01-01,2012-10-01,68
ANRZQ UN,ALPHA NATURAL RESOURCES INC,2011-07-01,2012-10-01,6
CBE UN,COOPER INDUSTRIES PLC,1990-04-01,2012-10-01,82
GT UN,GOODYEAR TIRE & RUBBER CO,1990-04-01,2012-10-01,91
RRD UW,RR DONNELLEY & SONS CO,2009-10-01,2012-10-01,13
TIE UN,TITANIUM METALS CORP,2008-01-01,2012-10-01,20
BIGGQ UN,BIG LOTS INC,1998-04-01,2013-01-01,60
FHI UN,FEDERATED HERMES INC,2003-07-01,2013-01-01,39
APOL UW,APOLLO EDUCATION GROUP INC,2006-10-01,2013-04-01,27
CVH UN,COVENTRY HEALTH CARE INC,2005-10-01,2013-04-01,31
DFODQ UN,DEAN FOODS CO,2006-07-01,2013-04-01,28
FHN UN,FIRST HORIZON CORP,2002-07-01,2013-04-01,44
HNZ UN,KRAFT HEINZ FOODS CO,1990-04-01,2013-04-01,93
PRGO UW,PERRIGO CO PLC,2012-01-01,2013-04-01,6
TMUS UN,T-MOBILE US INC,2009-07-01,2013-04-01,16
0848680D UN,SPRINT COMMUNICATIONS LLC,1992-04-01,2013-07-01,86
AMD UN,ADVANCED MICRO DEVICES,1990-04-01,2013-07-01,94
BMC UW,BMC SOFTWARE INC,2010-01-01,2013-07-01,15
ORCL UW,ORACLE CORP,2006-10-01,2013-07-01,28
1683997D UW,DELL INC,2006-10-01,2013-10-01,29
2071296D UN,NYSE EURONEXT,2008-01-01,2013-10-01,24
ANF UN,ABERCROMBIE & FITCH CO-CL A,2007-04-01,2013-10-01,27
CPPRQ UN,OLD COPPER CO INC,1990-04-01,2013-10-01,95
MAR UN,MARRIOTT INTERNATIONAL -CL A,1998-07-01,2013-10-01,62
MOLX UW,MOLEX LLC/US,2006-10-01,2013-10-01,29
TER UN,TERADYNE INC,2000-01-01,2013-10-01,56
VIAV UW,VIAVI SOLUTIONS INC,2006-10-01,2013-10-01,29
1255459D UW,LIFE TECHNOLOGIES CORP,2009-01-01,2014-01-01,21
WPX UN,WPX ENERGY INC,2012-04-01,2014-01-01,8
1431816D UW,LSI CORP,2013-01-01,2014-04-01,6
1752754D UN,SUNTORY GLOBAL SPIRITS INC,1990-04-01,2014-04-01,97
1858968D UN,FOREST LABORATORIES INC,2001-01-01,2014-04-01,54
9876544D UN,INTL GAME TECHNOLOGY,2001-10-01,2014-04-01,51
CLF UN,CLEVELAND-CLIFFS INC,2010-01-01,2014-04-01,18
SLM UW,SLM CORP,2012-01-01,2014-04-01,10
BTUUQ UN,PEABODY ENERGY CORP,2007-01-01,2014-07-01,31
GHC UN,GRAHAM HOLDINGS CO-CLASS B,2008-01-01,2014-07-01,27
RDC UN,ROWAN COMPANIES PLC-A,1990-04-01,2014-07-01,98
X UN,UNITED STATES STEEL CORP,1991-07-01,2014-07-01,93
BMS UN,AMCOR FLEXIBLES NORTH AMERIC,1990-04-01,2014-10-01,99
WBA UN,WALGREENS BOOTS ALLIANCE INC,1990-04-01,2014-10-01,99
1284849D UN,ALLERGAN INC/UNITED STATES,1992-04-01,2015-01-01,92
AVP UN,AVON PRODUCTS INC,1990-04-01,2015-01-01,100
CFN UN,CAREFUSION CORP,2009-10-01,2015-01-01,22
COV UN,COVIDIEN LTD,2007-10-01,2015-01-01,23
DNRCQ UN,DENBURY INC-PRE BANKRUPTCY,2009-07-01,2015-01-01,23
NBR UN,NABORS INDUSTRIES LTD,2006-01-01,2015-01-01,37
PETM UW,PETSMART LLC,2013-01-01,2015-01-01,9
SWY UN,SAFEWAY INC,1999-01-01,2015-01-01,65
1288453D UW,MONSTER BEVERAGE 1990 CORP,2012-07-01,2015-04-01,12
LO UN,LORILLARD INC,2008-07-01,2015-04-01,28
QEP UN,QEP RESOURCES INC,2010-07-01,2015-04-01,20
TEG UN,INTEGRYS ENERGY GROUP INC,2007-04-01,2015-04-01,33
WINMQ UW,WINDSTREAM HOLDINGS INC,2010-01-01,2015-04-01,22
1448062D UW,DIRECTV,2008-01-01,2015-07-01,31
1684442D UN,PALL CORP,1993-01-01,2015-07-01,91
9876549D UN,NIELSEN NV,2013-10-01,2015-07-01,8
ATI UN,ATI INC,1996-10-01,2015-07-01,76
FDO UN,FAMILY DOLLAR STORES LLC,2001-10-01,2015-07-01,56
HSP UN,HOSPIRA INC,2004-07-01,2015-07-01,45
KRFT UW,KRAFT FOODS GROUP INC,2013-01-01,2015-07-01,11
MWV UN,WESTROCK MWV LLC,2002-04-01,2015-07-01,54
NEBLQ UN,NOBLE HOLDING CORP PLC,2001-04-01,2015-07-01,50
1541931D UW,ALTERA CORP,2008-04-01,2015-10-01,31
2596516D UN,COMPUTER SCIENCES CORP,1990-04-01,2015-10-01,103
CMCSK UW,COMCAST CORP-SPECIAL CL A,2015-10-01,2015-10-01,1
CSX UN,CSX CORP,1990-04-01,2015-10-01,103
GNW UN,GENWORTH FINANCIAL INC,2006-01-01,2015-10-01,40
HCBK UW,HUDSON CITY BANCORP INC,2007-04-01,2015-10-01,35
JOY UN,KOMATSU MINING CORP,2012-01-01,2015-10-01,16
SIAL UW,SIGMA-ALDRICH,2006-10-01,2015-10-01,37
2557974D UN,PEPCO HOLDINGS LLC,2008-01-01,2016-01-01,33
2558202D UN,SCRIPPS NETWORKS INTER-CL A,2008-07-01,2016-01-01,31
2584271D UN,PLUM CREEK TIMBER CO,2002-04-01,2016-01-01,56
9876566D UN,CHUBB CORP,1990-04-01,2016-01-01,104
BRCM UW,BROADCOM CORP-CL A,2006-10-01,2016-01-01,38
CNX UN,CNX RESOURCES CORP,2006-07-01,2016-01-01,39
FOSL UW,FOSSIL GROUP INC,2012-07-01,2016-01-01,15
GMCR UW,KEURIG GREEN MOUNTAIN INC,2014-04-01,2016-01-01,8
PCP UN,PRECISION CASTPARTS CORP,2007-07-01,2016-01-01,35
VALPQ UN,VALARIS PLC,2007-04-01,2016-01-01,25
1500785D UN,TECO ENERGY INC,2002-01-01,2016-04-01,58
1566019D UN,ADT SECURITY CORP/THE,2012-10-01,2016-04-01,15
2544554D UW,SANDISK LLC,2006-10-01,2016-04-01,39
2596482D UN,CAMERON INTERNATIONAL CORP,2008-04-01,2016-04-01,33
ARG UN,AIRGAS INC,2009-10-01,2016-04-01,27
BXLT UN,BAXALTA INC,2015-07-01,2016-04-01,4
CCEP UN,COCA-COLA EUROPACIFIC PARTNE,1999-01-01,2016-04-01,70
CPGX UN,COLUMBIA PIPELINE GROUP,2015-10-01,2016-04-01,3
CVC UN,CABLEVISION SYSTEMS-NY GRP-A,2011-01-01,2016-04-01,22
GAS UN,SOUTHERN CO GAS,2012-01-01,2016-04-01,18
GME UN,GAMESTOP CORP-CLASS A,2008-01-01,2016-04-01,34
THC UN,TENET HEALTHCARE CORP,1990-04-01,2016-04-01,105
TWC UN,TIME WARNER CABLE,2009-04-01,2016-04-01,29
1436513D UN,JOHNSON CONTROLS INC,1990-04-01,2016-07-01,106
2258717D UN,EMC CORP/MA,1996-04-01,2016-07-01,82
CPGX US,COLUMBIA PIPELINE GROUP,2016-07-01,2016-07-01,1
HOT UN,STARWOOD HOTELS & RESORTS WO,2001-01-01,2016-07-01,63
AA UN,ALCOA CORP,1990-04-01,2016-10-01,107
DOFSQ UN,DIAMOND OFFSHORE DRILLING,2009-04-01,2016-10-01,31
LM UN,LEGG MASON INC,2006-07-01,2016-10-01,42
OI UN,O-I GLASS INC,1997-10-01,2016-10-01,44
1539941D UN,SPECTRA ENERGY LLC,2007-04-01,2017-01-01,40
ENDPQ UW,ENDO INTERNATIONAL PLC,2015-04-01,2017-01-01,8
FTRCQ UW,FRONTIER COMMUNICATIONS CORP,2012-01-01,2017-01-01,21
HAR UN,HARMAN INTERNATIONAL,2006-04-01,2017-01-01,44
LLTC UW,LINEAR TECHNOLOGY CORP,2006-10-01,2017-01-01,42
PBI UN,PITNEY BOWES INC,1990-04-01,2017-01-01,108
STJ UN,ST JUDE MEDICAL INC,1997-01-01,2017-01-01,81
URBN UW,URBAN OUTFITTERS INC,2010-04-01,2017-01-01,28
1518855D US,YAHOO! INC - SET UP FOR FUND,2000-01-01,2017-04-01,70
1806854D UN,DUN & BRADSTREET CORP,2009-01-01,2017-04-01,34
MJN UN,MEAD JOHNSON NUTRITION CO,2010-01-01,2017-04-01,30
R UN,RYDER SYSTEM INC,1990-04-01,2017-04-01,109
SWN UN,SOUTHWESTERN ENERGY CO,2008-07-01,2017-04-01,36
TDC UN,TERADATA CORP,2007-10-01,2017-04-01,39
TGNA UN,TEGNA INC,1990-04-01,2017-04-01,109
1697067D UN,DOW CHEMICAL CO/THE,1990-04-01,2017-07-01,110
1715651D UN,EIDP INC,1990-04-01,2017-07-01,110
2619871D UW,STAPLES INC,2006-10-01,2017-07-01,44
AN UN,AUTONATION INC,2003-04-01,2017-07-01,58
BBBYQ UW,20230930-DK-BUTTERFLY-1 INC,2006-10-01,2017-07-01,44
BHI UN,BAKER HUGHES HOLDINGS LLC,1990-04-01,2017-07-01,110
MNKKQ UN,MALLINCKRODT PLC,2014-10-01,2017-07-01,12
MUR UN,MURPHY OIL CORP,2005-10-01,2017-07-01,48
RAI UN,REYNOLDS AMERICAN INC,2002-10-01,2017-07-01,60
RIG UN,TRANSOCEAN LTD,2000-01-01,2017-07-01,51
WFM UW,WHOLE FOODS MARKET INC,2006-10-01,2017-07-01,44
LVLT UN,LEVEL 3 COMMUNICATIONS INC,2015-01-01,2017-10-01,12
PEP UN,PEPSICO INC,1990-04-01,2017-10-01,111
PFG UN,PRINCIPAL FINANCIAL GROUP,2002-10-01,2017-10-01,61
2558202D UW,SCRIPPS NETWORKS INTER-CL A,2016-04-01,2018-01-01,8
BCR UN,CR BARD INC,1990-04-01,2018-01-01,112
CHKAQ UN,CHESAPEAKE ENERGY CORP,2006-04-01,2018-01-01,48
PDCO UW,PATTERSON COS INC,2006-10-01,2018-01-01,46
SIG UN,SIGNET JEWELERS LTD,2015-10-01,2018-01-01,10
XEL UN,XCEL ENERGY INC,1990-04-01,2018-01-01,112
1856613D UN,MONSANTO CO,2002-10-01,2018-04-01,63
AYI UN,ACUITY INC,2016-07-01,2018-04-01,8
CSRA UN,CSRA INC,2016-01-01,2018-04-01,10
NAVI UW,NAVIENT CORP,2014-07-01,2018-04-01,16
RRC UN,RANGE RESOURCES CORP,2008-01-01,2018-04-01,42
TNL UN,TRAVEL + LEISURE CO,2006-10-01,2018-04-01,47
TWX UN,TIME WARNER INC,1999-04-01,2018-04-01,77
1831877D UN,XL GROUP LTD,2001-10-01,2018-07-01,68
ANDV UN,ANDEAVOR,2007-10-01,2018-07-01,44
CBOE UW,CBOE GLOBAL MARKETS INC,2017-04-01,2018-07-01,6
GGP UN,GGP INC,2007-10-01,2018-07-01,24
KDP UN,KEURIG DR PEPPER INC,2009-01-01,2018-07-01,39
UAL UN,UNITED AIRLINES HOLDINGS INC,2015-10-01,2018-07-01,12
1922150D UN,LINDE INC/CT,1992-10-01,2018-10-01,105
2326248D UW,CA INC,2008-07-01,2018-10-01,42
AET UN,AETNA INC,2001-01-01,2018-10-01,72
AMD UR,ADVANCED MICRO DEVICES,2017-04-01,2018-10-01,7
COL UN,ROCKWELL COLLINS INC,2001-10-01,2018-10-01,69
ESRX UW,EVERNORTH HEALTH INC,2006-10-01,2018-10-01,49
EVHC UN,ENVISION HEALTHCARE CORP,2017-01-01,2018-10-01,8
GTX UN,GARRETT MOTION INC,2018-10-01,2018-10-01,1
LNT UN,ALLIANT ENERGY CORP,2016-07-01,2018-10-01,10
NWL UN,NEWELL BRANDS INC,1990-04-01,2018-10-01,115
REG UN,REGENCY CENTERS CORP,2017-04-01,2018-10-01,7
SRCL UW,STERICYCLE INC,2009-01-01,2018-10-01,40
GT UW,GOODYEAR TIRE & RUBBER CO,2013-01-01,2019-01-01,25
NFX UN,OVINTIV EXPLORATION INC,2011-01-01,2019-01-01,33
SCG UN,SCANA CORP,2009-04-01,2019-01-01,40
TFCF UW,TFCF CORP - B,2015-10-01,2019-01-01,14
TFCFA UW,TFCF CORP,2009-01-01,2019-01-01,41
1927294D UN,L3 TECHNOLOGIES INC,2005-01-01,2019-04-01,58
BHF UW,BRIGHTHOUSE FINANCIAL INC,2017-10-01,2019-04-01,7
FLR UN,FLUOR CORP,2001-01-01,2019-04-01,74
MAT UW,MATTEL INC,2009-10-01,2019-04-01,39
2499073D UW,IHS MARKIT LTD,2017-07-01,2019-07-01,9
2616271D UN,ANADARKO PETROLEUM CORP,1997-10-01,2019-07-01,88
EXC UN,EXELON CORP,1990-04-01,2019-07-01,118
FL UN,FOOT LOCKER INC,1990-04-01,2019-07-01,49
JEF UN,JEFFERIES FINANCIAL GROUP IN,2007-10-01,2019-07-01,48
RHT UN,RED HAT LLC,2009-10-01,2019-07-01,40
TSS UN,TOTAL SYSTEM SERVICES INC,2008-04-01,2019-07-01,46
2370058D UN,SUNTRUST BANKS INC,1990-04-01,2019-10-01,119
AMG UN,AFFILIATED MANAGERS GROUP,2014-07-01,2019-10-01,22
CELG UW,CELGENE CORP,2007-01-01,2019-10-01,52
MAC UN,MACERICH CO/THE,2013-07-01,2019-10-01,26
NBL UN,NOBLE ENERGY INC,2008-01-01,2019-10-01,48
NKTR UW,NEKTAR THERAPEUTICS,2018-04-01,2019-10-01,7
PARA UN,PARAMOUNT GLOBAL-CLASS B,1999-07-01,2019-10-01,82
TRIP UW,TRIPADVISOR INC,2012-01-01,2019-10-01,32
VIAB UW,VIACOM INC-CLASS B,2012-01-01,2019-10-01,32
WCG UN,WELLCARE HEALTH PLANS INC,2018-10-01,2020-01-01,6
XEC UN,COTERRA ENERGY OPERATING CO,2014-07-01,2020-01-01,23
AGN UN,ALLERGAN UNLTD CO,1999-07-01,2020-04-01,84
APA UN,APA CORP,1997-10-01,2020-04-01,91
ARNC UN,ARCONIC CORP,2020-04-01,2020-04-01,1
BFH UN,BREAD FINANCIAL HOLDINGS INC,2014-01-01,2020-04-01,26
CPRI UN,CAPRI HOLDINGS LTD,2014-01-01,2020-04-01,26
HOG UN,HARLEY-DAVIDSON INC,2000-04-01,2020-04-01,81
HP UN,HELMERICH & PAYNE,1990-04-01,2020-04-01,80
JWN UN,NORDSTROM INC,1999-07-01,2020-04-01,84
M UN,MACY'S INC,1996-01-01,2020-04-01,98
RTN UN,RAYTHEON COMPANY,1990-04-01,2020-04-01,120
AEP UN,AMERICAN ELECTRIC POWER,1990-04-01,2020-07-01,122
COTY UN,COTY INC-CL A,2017-01-01,2020-07-01,15
HRB UN,H&R BLOCK INC,1990-04-01,2020-07-01,122
KSS UN,KOHLS CORP,1998-10-01,2020-07-01,88
AIV UN,APARTMENT INVT & MGMT CO -A,2003-04-01,2020-10-01,71
ETFC UW,E*TRADE FINANCIAL CORP,2007-01-01,2020-10-01,56
HST UN,HOST HOTELS & RESORTS INC,2007-04-01,2020-10-01,55
MYL UW,MYLAN NV,2009-01-01,2020-10-01,48
NBL UW,NOBLE ENERGY INC,2020-01-01,2020-10-01,4
2078185D UN,TIFFANY & CO,2000-07-01,2021-01-01,83
CXO UN,CONCHO RESOURCES LLC,2016-04-01,2021-01-01,20
FLS UN,FLOWSERVE CORP,2009-01-01,2021-01-01,49
FTI UN,TECHNIPFMC PLC,2009-07-01,2021-01-01,47
SLG UN,SL GREEN REALTY CORP,2015-04-01,2021-01-01,24
VNT UN,VONTIER CORP,2021-01-01,2021-01-01,1
XRX UN,XEROX HOLDINGS CORP,1990-04-01,2021-01-01,124
FLIR UW,FLIR SYSTEMS INC,2009-04-01,2021-04-01,49
HFC UN,HOLLYFRONTIER CORP,2018-07-01,2021-04-01,12
HON UN,HONEYWELL INTERNATIONAL INC,1990-04-01,2021-04-01,125
VAR UN,VARIAN MEDICAL SYSTEMS INC,2007-04-01,2021-04-01,57
ALXN UW,ALEXION PHARMACEUTICALS INC,2012-07-01,2021-07-01,37
DTM UN,DT MIDSTREAM INC,2021-07-01,2021-07-01,1
MXIM UW,MAXIM INTEGRATED PRODUCTS,2006-10-01,2021-07-01,15
NOV UN,NOV INC,2005-04-01,2021-07-01,66
PRGO UN,PERRIGO CO PLC,2013-07-01,2021-07-01,33
UNM UN,UNUM GROUP,1994-04-01,2021-07-01,110
BKR UN,BAKER HUGHES CO,2017-10-01,2021-10-01,17
GRMN UW,GARMIN LTD,2013-01-01,2021-10-01,36
HBI UN,HANESBRANDS INC,2015-04-01,2021-10-01,27
KSU UN,KANSAS CITY SOUTHERN,1999-07-01,2021-10-01,39
LEG UN,LEGGETT & PLATT INC,2000-01-01,2021-10-01,88
SLVM UN,SYLVAMO CORP,2021-10-01,2021-10-01,1
WU UN,WESTERN UNION CO,2007-01-01,2021-10-01,60
2499073D UN,IHS MARKIT LTD,2019-10-01,2022-01-01,10
GAP UN,GAP INC/THE,1990-04-01,2022-01-01,128
XLNX UW,XILINX INC,2006-10-01,2022-01-01,62
CERN UW,CERNER CORP,2010-07-01,2022-04-01,48
DISCA UW,WARNER BROS DISCOVERY INC,2010-04-01,2022-04-01,49
DISCK UW,DISCOVERY INC-C,2014-10-01,2022-04-01,31
EMBC UW,EMBECTA CORP,2022-04-01,2022-04-01,1
IPGP UW,IPG PHOTONICS CORP,2018-04-01,2022-04-01,17
PBCT UW,PEOPLE'S UNITED FINANCIAL,2009-01-01,2022-04-01,54
UA UN,UNDER ARMOUR INC-CLASS C,2016-07-01,2022-04-01,24
UAA UN,UNDER ARMOUR INC-CLASS A,2014-07-01,2022-04-01,32
9990213D UN,JACOBS ENGINEERING GROUP INC,2008-01-01,2022-07-01,59
PENN UW,PENN ENTERTAINMENT INC,2021-04-01,2022-07-01,6
PVH UN,PVH CORP,2013-04-01,2022-07-01,38
ABMD UW,ABIOMED INC,2018-07-01,2022-10-01,18
CTXS UW,CITRIX SYSTEMS INC,2006-10-01,2022-10-01,65
DRE UN,DUKE REALTY CORP,2017-10-01,2022-10-01,21
EVRG UN,EVERGY INC,2018-07-01,2022-10-01,18
FBIN UN,FORTUNE BRANDS INNOVATIONS I,2016-07-01,2022-10-01,26
NLSN UN,NIELSEN HOLDINGS LTD,2015-10-01,2022-10-01,29
TWTR UN,TWITTER INC,2018-07-01,2022-10-01,18
LUMN UN,LUMEN TECHNOLOGIES INC,1999-04-01,2023-01-01,96
SBNY UW,SIGNATURE BANK,2022-01-01,2023-01-01,5
SIVBQ UW,SVB FINANCIAL GROUP,2018-04-01,2023-01-01,20
VNO UN,VORNADO REALTY TRUST,2005-10-01,2023-01-01,70
DISH UW,DISH NETWORK CORP-A,2017-04-01,2023-04-01,25
FRCB UN,FIRST REPUBLIC BANK/CA,2019-04-01,2023-04-01,17
AAP UN,ADVANCE AUTO PARTS INC,2015-10-01,2023-07-01,32
COO UN,COOPER COS INC/THE,2016-10-01,2023-07-01,28
LNC UN,LINCOLN NATIONAL CORP,1990-04-01,2023-07-01,134
NWL UW,NEWELL BRANDS INC,2019-01-01,2023-07-01,19
ROP UN,ROPER TECHNOLOGIES INC,2010-01-01,2023-07-01,55
ALK UN,ALASKA AIR GROUP INC,2016-07-01,2023-10-01,30
ATVI UW,ACTIVISION BLIZZARD INC,2015-10-01,2023-10-01,33
DXC UN,DXC TECHNOLOGY CO,2017-07-01,2023-10-01,26
EXPD UW,EXPEDITORS INTL WASH INC,2008-01-01,2023-10-01,64
LIN UN,LINDE PLC,2019-01-01,2023-10-01,20
OGN UN,ORGANON & CO,2021-07-01,2023-10-01,10
SEDG UW,SOLAREDGE TECHNOLOGIES INC,2022-01-01,2023-10-01,8
SEE UN,SEALED AIR CORP,1998-07-01,2023-10-01,102
WHR UN,WHIRLPOOL CORP,1990-04-01,2024-01-01,136
ZION UW,ZIONS BANCORP NA,2006-10-01,2024-01-01,70
9980328D UN,LABORATORY CRP OF AMER HLDGS,2005-01-01,2024-04-01,78
CMA UN,COMERICA INC,1996-01-01,2024-04-01,114
DOC US,HEALTHPEAK PROPERTIES INC,2024-04-01,2024-04-01,1
ILMN UW,ILLUMINA INC,2016-01-01,2024-04-01,34
PXD UN,PIONEER NATURAL RESOURCES CO,2008-10-01,2024-04-01,63
RHI UN,ROBERT HALF INC,2001-01-01,2024-04-01,94
VFC UN,VF CORP,1990-04-01,2024-04-01,137
XRAY UW,DENTSPLY SIRONA INC,2009-01-01,2024-04-01,62
9983490D UN,TE CONNECTIVITY LTD,2007-10-01,2024-07-01,58
AAL UW,AMERICAN AIRLINES GROUP INC,2015-04-01,2024-07-01,38
BBWI UN,BATH & BODY WORKS INC,1990-04-01,2024-07-01,138
BIO UN,BIO-RAD LABORATORIES-A,2020-07-01,2024-07-01,17
CPB UN,THE CAMPBELL'S COMPANY,1990-04-01,2024-07-01,138
ETSY UW,ETSY INC,2020-10-01,2024-07-01,16
WRK UN,WESTROCK CO,2015-10-01,2024-07-01,36
9903115D UN,BLACKROCK FINANCE INC,2011-07-01,2024-10-01,54
9991429D UN,APTIV IRISH HOLDINGS LTD,2013-01-01,2024-10-01,48
AMTM UN,AMENTUM HOLDINGS INC,2024-10-01,2024-10-01,1
CTLT UN,CATALENT INC,2020-10-01,2024-10-01,17
MRO UN,MARATHON OIL CORP,1991-07-01,2024-10-01,134
PLTR UN,PALANTIR TECHNOLOGIES INC-A,2024-10-01,2024-10-01,1
QRVO UW,QORVO INC,2015-07-01,2024-10-01,38
BWA UN,BORGWARNER INC,2012-01-01,2025-01-01,53
CE UN,CELANESE CORP,2019-01-01,2025-01-01,25
DPZ UN,DOMINO'S PIZZA INC,2020-07-01,2025-01-01,19
FMC UN,FMC CORP,1990-04-01,2025-01-01,110
TFX UN,TELEFLEX INC,2019-04-01,2025-01-01,24
DFS UN,DISCOVER FINANCIAL SERVICES,2007-10-01,2025-04-01,71
KMB UN,KIMBERLY-CLARK CORP,1990-04-01,2025-04-01,141
ANSS UW,ANSYS INC,2017-07-01,2025-07-01,33
CZR UW,CAESARS ENTERTAINMENT INC,2021-04-01,2025-07-01,18
ENPH UQ,ENPHASE ENERGY INC,2021-04-01,2025-07-01,18
HES UN,HESS CORP,1990-04-01,2025-07-01,142
JNPR UN,JUNIPER NETWORKS INC,2010-01-01,2025-07-01,63
MKTX UW,MARKETAXESS HOLDINGS INC,2019-07-01,2025-07-01,25
PARA UW,PARAMOUNT GLOBAL-CLASS B,2020-01-01,2025-07-01,23
WBA UW,WALGREENS BOOTS ALLIANCE INC,2015-01-01,2025-07-01,43
EMN UN,EASTMAN CHEMICAL CO,1994-04-01,2025-10-01,127
FISV UN,FISERV INC,2023-07-01,2025-10-01,10
IPG UN,INTERPUBLIC GROUP OF COS INC,1993-01-01,2025-10-01,132
K UN,KELLANOVA,1990-04-01,2025-10-01,143
KMX UN,CARMAX INC,2010-07-01,2025-10-01,62
LKQ UW,LKQ CORP,2016-07-01,2025-10-01,38
MHK UN,MOHAWK INDUSTRIES INC,2014-01-01,2025-10-01,48
WMT UN,WALMART INC,1990-04-01,2025-10-01,143
DAY UN,DAYFORCE INC,2021-10-01,2026-01-01,18
VGNT UN,VERSIGENT PLC,2026-04-01,2026-04-01,1
